time,min,average,max
4.348493576049805,0.0,180.56025641025641,500.0
4.697342395782471,0.0,138.8653846153846,291.0
5.081097602844238,4.0,153.76282051282053,295.0
5.406308889389038,8.0,155.94230769230768,299.0
5.730326414108276,14.0,168.9,307.0
6.108362674713135,19.0,171.93846153846152,307.0
6.4350738525390625,34.0,169.33076923076922,300.0
6.756701231002808,45.0,174.84615384615384,300.0
7.0788938999176025,54.0,171.42179487179487,289.0
7.405468463897705,58.0,171.1525641025641,289.0
7.740262031555176,58.0,170.7474358974359,289.0
8.057254791259766,58.0,172.18205128205128,289.0
8.411309957504272,50.0,172.63333333333333,289.0
8.774508953094482,58.0,171.62692307692308,289.0
9.09151577949524,59.0,171.23461538461538,289.0
9.427545309066772,65.0,171.91923076923078,289.0
9.77724814414978,77.0,172.9269230769231,289.0
10.14183759689331,72.0,174.12564102564102,289.0
10.597455978393555,77.0,174.98333333333332,289.0
11.096259355545044,77.0,174.57692307692307,289.0
11.43167519569397,77.0,173.42820512820512,289.0
11.801324605941772,77.0,174.68333333333334,290.0
12.115503311157227,77.0,174.68333333333334,290.0
12.470813274383545,77.0,175.2423076923077,290.0
12.782541990280151,74.0,175.76282051282053,290.0
13.145660638809204,77.0,175.70384615384614,288.0
13.518186569213867,82.0,173.62307692307692,288.0
13.892951250076294,82.0,173.90769230769232,288.0
14.24196720123291,82.0,174.50512820512822,288.0
14.573327541351318,82.0,174.50512820512822,288.0
14.898887395858765,82.0,175.1846153846154,288.0
15.233693838119507,82.0,176.07692307692307,288.0
15.55346155166626,82.0,176.07692307692307,288.0
15.908407211303711,81.0,174.76153846153846,288.0
16.227533102035522,81.0,175.27435897435896,288.0
16.560856342315674,81.0,175.75384615384615,288.0
16.886412143707275,81.0,175.75384615384615,288.0
17.21553087234497,82.0,175.73717948717947,288.0
17.5563702583313,82.0,175.73717948717947,288.0
17.88712239265442,82.0,175.73717948717947,288.0
18.234912395477295,89.0,175.8948717948718,288.0
18.645484924316406,89.0,175.8948717948718,288.0
18.959548711776733,75.0,176.19615384615383,288.0
19.28737998008728,75.0,176.03076923076924,288.0
19.623786449432373,75.0,175.24358974358975,288.0
19.953276872634888,75.0,175.24358974358975,288.0
20.29656481742859,75.0,175.24358974358975,288.0
20.628349542617798,75.0,175.84615384615384,288.0
20.960983514785767,75.0,175.84615384615384,288.0
21.32722282409668,75.0,175.84615384615384,288.0
21.701271772384644,75.0,175.84615384615384,288.0
22.01757287979126,75.0,175.84615384615384,288.0
22.35756206512451,84.0,175.83076923076922,288.0
22.662479877471924,73.0,176.04615384615386,288.0
22.97624135017395,90.0,175.76666666666668,288.0
23.34580707550049,90.0,175.76666666666668,288.0
23.657313346862793,90.0,175.76666666666668,288.0
23.989792346954346,90.0,175.7846153846154,288.0
24.301307678222656,76.0,175.15641025641025,288.0
24.616878032684326,90.0,175.1051282051282,288.0
24.952324628829956,90.0,175.41410256410256,288.0
25.309752941131592,75.0,177.10384615384615,288.0
25.695371866226196,75.0,177.10384615384615,288.0
26.012489318847656,90.0,176.85641025641024,288.0
26.323192834854126,90.0,176.85641025641024,288.0
26.680070877075195,90.0,176.85641025641024,288.0
26.991746425628662,89.0,176.86282051282052,288.0
27.312524557113647,89.0,176.86282051282052,288.0
27.634807109832764,89.0,176.86282051282052,288.0
27.94985294342041,89.0,176.86282051282052,288.0
28.270878553390503,93.0,176.59871794871796,288.0
28.581432342529297,93.0,176.59871794871796,288.0
28.926377058029175,93.0,176.73846153846154,288.0
29.26631474494934,93.0,176.73846153846154,288.0
29.562547206878662,93.0,176.90384615384616,288.0
29.8953378200531,93.0,176.64102564102564,288.0
30.210131406784058,86.0,176.38333333333333,288.0
30.513110637664795,86.0,176.85128205128206,288.0
30.81784200668335,86.0,176.85128205128206,288.0
31.129326581954956,89.0,177.28589743589743,288.0
31.439770698547363,89.0,177.33589743589744,288.0
31.735519409179688,89.0,177.33589743589744,288.0
32.034477949142456,89.0,177.33589743589744,288.0
32.359374046325684,86.0,176.19230769230768,288.0
32.67648959159851,86.0,176.19230769230768,288.0
33.007991790771484,86.0,176.19230769230768,288.0
33.373862504959106,86.0,174.92435897435897,288.0
33.68529748916626,86.0,173.43205128205128,288.0
34.02345299720764,86.0,173.37692307692308,288.0
34.354589223861694,86.0,173.37692307692308,288.0
34.67366981506348,86.0,173.37692307692308,288.0
35.025023460388184,86.0,173.37692307692308,288.0
35.350202322006226,91.0,173.57179487179488,288.0
35.70643711090088,91.0,175.3474358974359,288.0
36.03251123428345,89.0,175.28333333333333,283.0
36.35888648033142,86.0,175.20384615384614,283.0
36.67009425163269,86.0,175.20384615384614,283.0
36.96699643135071,86.0,175.55769230769232,283.0
37.32317852973938,89.0,175.81923076923076,284.0
37.64560341835022,89.0,175.81923076923076,284.0
37.97635221481323,89.0,176.20384615384614,284.0
38.30120134353638,89.0,176.2846153846154,284.0
38.610678911209106,89.0,176.2846153846154,284.0
38.91845178604126,89.0,176.2846153846154,284.0
39.21703028678894,89.0,176.2846153846154,284.0
39.51992678642273,89.0,177.0346153846154,284.0
39.82202649116516,89.0,177.0346153846154,284.0
40.12031364440918,89.0,177.0346153846154,284.0
40.44398045539856,79.0,177.5525641025641,284.0
40.769728899002075,79.0,177.5525641025641,284.0
41.07489347457886,79.0,177.35641025641024,284.0
41.372724771499634,79.0,177.69615384615383,284.0
41.674379110336304,79.0,177.67179487179487,284.0
41.97257399559021,79.0,177.67179487179487,284.0
42.30018210411072,89.0,177.33205128205128,284.0
42.607757806777954,89.0,177.33205128205128,284.0
42.92533349990845,88.0,176.31666666666666,284.0
43.22590398788452,88.0,176.31666666666666,284.0
43.558541774749756,88.0,176.28846153846155,284.0
43.911431312561035,88.0,176.28846153846155,284.0
44.22969913482666,88.0,175.53076923076924,284.0
44.520373582839966,88.0,175.53076923076924,284.0
44.850876331329346,88.0,175.53076923076924,284.0
45.150617837905884,88.0,175.53076923076924,284.0
45.47985601425171,88.0,175.8153846153846,286.0
45.79186773300171,64.0,176.11410256410255,286.0
46.098886489868164,64.0,176.11410256410255,286.0
46.399210929870605,74.0,176.14871794871794,283.0
46.725080728530884,74.0,176.14871794871794,283.0
47.039665937423706,74.0,175.6423076923077,283.0
47.3426308631897,86.0,174.9346153846154,283.0
47.646458864212036,86.0,174.9346153846154,283.0
47.95869207382202,86.0,174.38717948717948,283.0
48.263789653778076,74.0,173.52692307692308,283.0
48.581350326538086,74.0,173.52692307692308,283.0
48.89132285118103,86.0,172.90384615384616,283.0
49.19314432144165,86.0,172.90384615384616,283.0
49.49762988090515,89.0,172.92307692307693,283.0
49.80264639854431,92.0,174.3397435897436,297.0
50.1076340675354,92.0,174.3397435897436,297.0
50.410104513168335,76.0,173.7474358974359,297.0
50.72118854522705,79.0,173.8128205128205,297.0
51.02724528312683,79.0,173.8128205128205,297.0
51.34233522415161,84.0,173.9525641025641,297.0
51.63877844810486,84.0,173.9525641025641,297.0
51.93827152252197,84.0,174.08333333333334,297.0
52.284088134765625,84.0,174.29102564102564,295.0
52.62013077735901,84.0,174.29102564102564,295.0
52.953855752944946,84.0,174.29102564102564,295.0
53.25891661643982,84.0,174.29102564102564,295.0
53.59781074523926,77.0,173.3846153846154,295.0
53.88667678833008,77.0,173.0371794871795,295.0
54.19348692893982,77.0,172.85128205128206,295.0
54.53052639961243,83.0,173.26282051282053,295.0
54.82450222969055,83.0,173.11923076923077,295.0
55.166075706481934,83.0,173.18846153846152,295.0
55.46546268463135,79.0,173.45641025641027,295.0
55.785866022109985,69.0,172.80128205128204,295.0
56.12345552444458,79.0,173.3,295.0
56.420323610305786,79.0,173.3,295.0
56.815133810043335,79.0,173.3,295.0
57.11877512931824,71.0,173.1551282051282,295.0
57.42636013031006,74.0,173.7679487179487,295.0
57.744300365448,79.0,173.76153846153846,295.0
58.07740879058838,79.0,173.76153846153846,295.0
58.39673638343811,76.0,172.6153846153846,295.0
58.73128652572632,75.0,171.5871794871795,283.0
59.09019231796265,75.0,171.98461538461538,283.0
59.4060275554657,75.0,172.23461538461538,283.0
59.78686881065369,75.0,172.23461538461538,283.0
60.25772213935852,81.0,173.97820512820513,283.0
60.57469916343689,81.0,173.97820512820513,283.0
60.902748346328735,81.0,173.97820512820513,283.0
61.24635601043701,81.0,173.97820512820513,283.0
61.558852195739746,81.0,173.97820512820513,283.0
62.027907848358154,81.0,173.97820512820513,283.0
62.38642430305481,81.0,173.07692307692307,283.0
62.744977951049805,81.0,173.07692307692307,283.0
63.11842393875122,81.0,173.07692307692307,283.0
63.48730659484863,81.0,173.07692307692307,283.0
63.85210371017456,81.0,173.0076923076923,283.0
64.19165825843811,81.0,173.0076923076923,283.0
64.4965808391571,81.0,173.16923076923078,283.0
64.83775568008423,81.0,173.16923076923078,283.0
65.14730310440063,81.0,172.7076923076923,283.0
65.45452237129211,79.0,172.00384615384615,283.0
65.83797717094421,79.0,172.00384615384615,283.0
66.1624743938446,79.0,172.00384615384615,283.0
66.5000901222229,79.0,172.00384615384615,283.0
66.8340277671814,79.0,171.01923076923077,283.0
67.14275813102722,79.0,171.65128205128204,283.0
67.47884273529053,79.0,171.09102564102565,283.0
67.77621412277222,79.0,171.09102564102565,283.0
68.09658646583557,79.0,171.09102564102565,283.0
68.41529393196106,79.0,171.09102564102565,283.0
68.74458241462708,79.0,171.09102564102565,283.0
69.1370599269867,79.0,172.6423076923077,283.0
69.4980878829956,79.0,172.6423076923077,283.0
69.83173823356628,79.0,172.6423076923077,283.0
70.14149355888367,79.0,172.6423076923077,283.0
70.44380831718445,79.0,172.6423076923077,283.0
70.75837659835815,79.0,172.6423076923077,283.0
71.07947993278503,79.0,172.6423076923077,283.0
71.40840744972229,79.0,172.6423076923077,283.0
71.73690247535706,79.0,172.6423076923077,283.0
72.04578185081482,79.0,171.91666666666666,283.0
72.3478136062622,74.0,170.58333333333334,283.0
72.65110683441162,74.0,171.75641025641025,288.0
72.98201727867126,74.0,171.75641025641025,288.0
73.29148387908936,74.0,171.75641025641025,288.0
73.60255980491638,79.0,171.2423076923077,283.0
73.93754029273987,79.0,171.2423076923077,283.0
74.23869371414185,79.0,171.2423076923077,283.0
74.5455870628357,79.0,171.2423076923077,283.0
74.8956892490387,79.0,171.2423076923077,283.0
75.22505068778992,79.0,171.2423076923077,283.0
75.74720287322998,79.0,171.2423076923077,283.0
76.11490941047668,79.0,171.2423076923077,283.0
76.44276332855225,79.0,171.2423076923077,283.0
76.75021076202393,79.0,171.2423076923077,283.0
77.09170603752136,79.0,171.2423076923077,283.0
77.3948814868927,79.0,171.2423076923077,283.0
77.8686912059784,79.0,170.68974358974359,283.0
78.1698911190033,79.0,170.68974358974359,283.0
78.52127408981323,79.0,170.68974358974359,283.0
78.83606004714966,79.0,170.68974358974359,283.0
79.28943300247192,80.0,170.6705128205128,283.0
79.68746876716614,80.0,170.6705128205128,283.0
80.00087237358093,80.0,170.6705128205128,283.0
80.30632162094116,80.0,170.77564102564102,283.0
80.61874532699585,80.0,170.77564102564102,283.0
80.98812055587769,78.0,170.28333333333333,283.0
81.31216406822205,78.0,170.28333333333333,283.0
81.64906477928162,77.0,168.69615384615383,283.0
82.0243775844574,77.0,168.69615384615383,283.0
82.5053219795227,77.0,168.83076923076922,283.0
82.81468868255615,77.0,168.83076923076922,283.0
83.13346028327942,77.0,168.93846153846152,283.0
83.48867321014404,71.0,168.73076923076923,283.0
83.82673335075378,70.0,167.76282051282053,283.0
84.14617919921875,70.0,167.80769230769232,283.0
84.46490621566772,70.0,168.18589743589743,283.0
84.78832125663757,70.0,168.18589743589743,283.0
85.14187216758728,77.0,168.9897435897436,283.0
85.45016360282898,77.0,168.9897435897436,283.0
85.75964617729187,77.0,168.9897435897436,283.0
86.06954717636108,77.0,168.9897435897436,283.0
86.36957001686096,69.0,168.9102564102564,283.0
86.69903421401978,69.0,168.9102564102564,283.0
87.03788018226624,69.0,168.97948717948717,283.0
87.38114094734192,69.0,168.68205128205128,283.0
87.72906279563904,71.0,165.75128205128206,283.0
88.04220294952393,71.0,161.7948717948718,283.0
88.35105609893799,71.0,161.22051282051282,283.0
88.717937707901,71.0,158.5897435897436,283.0
89.024165391922,71.0,156.40769230769232,283.0
89.34471011161804,71.0,156.40769230769232,283.0
89.67092156410217,71.0,156.57051282051282,283.0
89.99588418006897,71.0,156.67820512820512,283.0
90.3101966381073,71.0,156.67820512820512,283.0
90.63745927810669,71.0,156.82179487179488,283.0
90.96502685546875,71.0,157.09871794871796,283.0
91.41708374023438,71.0,157.18589743589743,283.0
91.77447247505188,70.0,156.53974358974358,283.0
92.0957658290863,70.0,156.53974358974358,283.0
92.43652534484863,70.0,156.53974358974358,283.0
92.76132869720459,70.0,156.53974358974358,283.0
93.06620073318481,70.0,156.53974358974358,283.0
93.52324295043945,70.0,156.53974358974358,283.0
93.85135173797607,70.0,157.54102564102564,283.0
94.25869917869568,66.0,157.2846153846154,283.0
94.57629346847534,67.0,157.78205128205127,283.0
94.9111065864563,67.0,157.78205128205127,283.0
95.22920775413513,67.0,157.78205128205127,283.0
95.52951169013977,70.0,159.06923076923076,283.0
95.9830105304718,70.0,159.31666666666666,283.0
96.33679986000061,70.0,158.47435897435898,283.0
96.67568349838257,70.0,158.4897435897436,283.0
96.98325395584106,70.0,158.4897435897436,283.0
97.2952311038971,70.0,158.4897435897436,283.0
97.61103630065918,70.0,158.43846153846152,283.0
97.91952681541443,70.0,158.43846153846152,283.0
98.25173377990723,70.0,158.43846153846152,283.0
98.57071280479431,70.0,158.43846153846152,283.0
98.88797235488892,70.0,158.66794871794872,283.0
99.2405276298523,70.0,158.66794871794872,283.0
99.5801784992218,70.0,158.66794871794872,283.0
99.90345239639282,70.0,158.66794871794872,283.0
100.20019602775574,70.0,158.62307692307692,283.0
100.55272364616394,70.0,158.5628205128205,283.0
100.8786883354187,70.0,158.53589743589743,283.0
101.23198509216309,70.0,158.53589743589743,283.0
101.55664992332458,67.0,156.12435897435898,283.0
101.86173295974731,67.0,155.46410256410257,283.0
102.1599760055542,67.0,155.31025641025641,283.0
102.49204397201538,67.0,153.84615384615384,283.0
102.80912804603577,67.0,153.84615384615384,283.0
103.11873507499695,67.0,153.84615384615384,283.0
103.42596864700317,67.0,152.65641025641025,283.0
103.77130484580994,67.0,152.60897435897436,283.0
104.06461977958679,67.0,152.60897435897436,283.0
104.38791060447693,67.0,152.60897435897436,283.0
104.70821785926819,67.0,152.60897435897436,283.0
105.01512932777405,67.0,152.60897435897436,283.0
105.33232259750366,67.0,152.60897435897436,283.0
105.66006088256836,67.0,152.60897435897436,283.0
105.95554709434509,67.0,152.60897435897436,283.0
106.26393747329712,67.0,152.62692307692308,283.0
106.58275318145752,67.0,152.62692307692308,283.0
106.93393397331238,67.0,150.37307692307692,283.0
107.24879121780396,64.0,152.12307692307692,283.0
107.57936191558838,64.0,152.12307692307692,283.0
107.94899988174438,64.0,152.04358974358973,283.0
108.25331997871399,64.0,151.93974358974359,283.0
108.60788035392761,64.0,154.55384615384617,283.0
108.93042469024658,64.0,153.10128205128206,283.0
109.22537422180176,64.0,153.10128205128206,283.0
109.51302194595337,62.0,152.9820512820513,283.0
109.82448077201843,62.0,152.9820512820513,283.0
110.13873028755188,62.0,150.47948717948717,283.0
110.48185729980469,62.0,150.37179487179486,281.0
110.81111288070679,62.0,150.37179487179486,281.0
111.12510395050049,62.0,150.37179487179486,281.0
111.45214080810547,64.0,150.4371794871795,281.0
111.83974480628967,64.0,150.4371794871795,281.0
112.148442029953,64.0,150.4371794871795,281.0
112.46661043167114,64.0,150.3948717948718,281.0
112.76358413696289,64.0,150.43846153846152,281.0
113.10078239440918,64.0,150.43846153846152,281.0
113.47860383987427,64.0,150.0551282051282,281.0
113.77363133430481,64.0,151.32692307692307,281.0
114.0739643573761,61.0,151.62179487179486,286.0
114.37810850143433,61.0,151.62179487179486,286.0
114.69644856452942,61.0,151.60128205128206,286.0
115.00879621505737,61.0,151.60128205128206,286.0
115.31377792358398,61.0,151.53333333333333,286.0
115.63739323616028,61.0,151.53333333333333,286.0
115.92817115783691,61.0,151.22051282051282,286.0
116.24678325653076,61.0,151.59102564102565,286.0
116.5674455165863,61.0,151.59102564102565,286.0
116.92512273788452,61.0,151.59102564102565,286.0
117.24038028717041,61.0,152.3051282051282,286.0
117.62958407402039,61.0,151.89615384615385,286.0
117.95196747779846,61.0,150.52051282051283,286.0
118.4082715511322,61.0,150.53974358974358,286.0
118.78125548362732,61.0,150.08589743589744,286.0
119.09377217292786,61.0,149.27948717948718,286.0
119.39334654808044,61.0,149.2923076923077,286.0
119.70454359054565,61.0,149.2923076923077,286.0
120.03905320167542,61.0,149.2923076923077,286.0
120.35477781295776,61.0,149.2923076923077,286.0
120.69913816452026,61.0,150.98717948717947,286.0
121.17290496826172,61.0,150.98717948717947,286.0
121.50612497329712,61.0,148.5179487179487,286.0
121.81033992767334,61.0,148.3294871794872,286.0
122.1254825592041,61.0,148.36666666666667,286.0
122.47137331962585,61.0,148.5897435897436,286.0
122.78622460365295,61.0,149.1769230769231,286.0
123.27600717544556,61.0,149.17307692307693,286.0
123.67619204521179,57.0,149.72307692307692,286.0
124.0281572341919,57.0,149.72307692307692,286.0
124.3698468208313,57.0,149.7,286.0
124.70574927330017,57.0,144.96153846153845,286.0
125.05870413780212,57.0,144.96153846153845,286.0
125.3647940158844,57.0,144.28846153846155,286.0
125.68695783615112,57.0,144.34871794871796,286.0
125.99770021438599,57.0,144.34871794871796,286.0
126.3944411277771,57.0,144.34871794871796,286.0
126.77681517601013,57.0,143.0974358974359,286.0
127.08041334152222,57.0,143.0794871794872,286.0
127.5027825832367,57.0,142.98717948717947,286.0
127.83320617675781,57.0,142.98717948717947,286.0
128.18732500076294,57.0,142.98717948717947,286.0
128.52092862129211,57.0,142.79358974358973,286.0
129.06072759628296,57.0,142.79358974358973,286.0
129.394225358963,57.0,142.87307692307692,286.0
129.71198892593384,57.0,142.87307692307692,286.0
130.0217089653015,57.0,142.87307692307692,286.0
130.4534981250763,54.0,140.4102564102564,286.0
130.77426147460938,54.0,140.4102564102564,286.0
131.08656692504883,54.0,140.23846153846154,286.0
131.37270975112915,54.0,140.23846153846154,286.0
131.67514634132385,54.0,137.27307692307693,286.0
131.97722482681274,54.0,137.27307692307693,286.0
132.29609394073486,54.0,137.59871794871796,286.0
132.71184182167053,54.0,137.62948717948717,286.0
133.03617405891418,54.0,137.62948717948717,286.0
133.35070896148682,54.0,137.62564102564102,286.0
133.6814045906067,54.0,137.62564102564102,286.0
134.01789927482605,54.0,137.62564102564102,286.0
134.404372215271,54.0,137.03205128205127,286.0
134.8273322582245,54.0,137.03205128205127,286.0
135.17652535438538,54.0,136.5730769230769,282.0
135.47481560707092,54.0,136.5730769230769,282.0
135.78010535240173,51.0,135.81153846153848,282.0
136.09465098381042,51.0,135.81153846153848,282.0
136.40959286689758,51.0,135.81153846153848,282.0
136.73523330688477,51.0,135.77564102564102,282.0
137.07807087898254,51.0,135.77564102564102,282.0
137.40121912956238,51.0,135.77564102564102,282.0
137.73113584518433,51.0,135.83461538461538,282.0
138.0631377696991,51.0,136.7153846153846,282.0
138.38774728775024,51.0,136.7153846153846,282.0
138.68823981285095,51.0,136.7153846153846,282.0
139.01508951187134,51.0,136.35897435897436,282.0
139.3306291103363,51.0,136.35897435897436,282.0
139.63203191757202,51.0,136.3948717948718,282.0
139.96278929710388,51.0,136.3948717948718,282.0
140.3555552959442,51.0,136.3948717948718,282.0
140.6709418296814,51.0,136.56794871794872,282.0
141.01028418540955,51.0,136.56794871794872,282.0
141.32151532173157,51.0,136.56794871794872,282.0
141.64396357536316,51.0,136.89615384615385,282.0
141.97108697891235,51.0,136.94102564102565,282.0
142.31595945358276,51.0,140.37435897435898,282.0
142.61443758010864,51.0,140.37435897435898,282.0
142.92032742500305,51.0,140.35641025641024,282.0
143.2287220954895,50.0,141.55897435897435,282.0
143.5738456249237,50.0,141.55897435897435,282.0
143.88242316246033,50.0,141.55897435897435,282.0
144.18553757667542,50.0,141.55897435897435,282.0
144.50344228744507,50.0,141.55897435897435,282.0
144.79849696159363,50.0,141.55897435897435,282.0
145.09654450416565,50.0,141.55897435897435,282.0
145.4575605392456,50.0,141.55897435897435,282.0
145.74253058433533,50.0,141.55897435897435,282.0
146.03876614570618,50.0,141.57692307692307,282.0
146.34189081192017,50.0,141.70128205128205,282.0
146.6314034461975,50.0,141.70128205128205,282.0
146.9752779006958,50.0,143.82179487179488,282.0
147.26763153076172,48.0,143.08205128205128,282.0
147.55553269386292,48.0,142.35,282.0
147.84398746490479,48.0,142.43974358974359,282.0
148.13864731788635,48.0,141.17820512820512,282.0
148.4472632408142,48.0,141.17820512820512,282.0
148.76188230514526,48.0,140.75128205128206,282.0
149.07216930389404,48.0,140.75128205128206,282.0
149.3988380432129,48.0,140.75128205128206,282.0
149.68468952178955,48.0,140.66153846153847,282.0
150.01632928848267,48.0,140.66153846153847,282.0
150.32730555534363,48.0,140.66153846153847,282.0
150.63201069831848,48.0,140.66153846153847,282.0
150.92614102363586,48.0,140.66153846153847,282.0
151.22717547416687,48.0,140.05,282.0
151.55238842964172,48.0,140.05,282.0
151.87658143043518,48.0,140.05,282.0
152.19851231575012,48.0,140.05897435897435,282.0
152.51963758468628,48.0,140.05897435897435,282.0
152.84725642204285,48.0,139.3448717948718,282.0
153.153071641922,48.0,139.3448717948718,282.0
153.4511148929596,48.0,139.3448717948718,282.0
153.76181650161743,48.0,139.3448717948718,282.0
154.05527114868164,47.0,139.62179487179486,282.0
154.3736596107483,47.0,139.0423076923077,282.0
154.68397760391235,47.0,139.24615384615385,282.0
154.990168094635,47.0,139.16923076923078,283.0
155.31583833694458,47.0,139.16923076923078,283.0
155.64633297920227,47.0,138.62564102564102,283.0
155.9421670436859,47.0,138.62564102564102,283.0
156.27421402931213,47.0,134.8153846153846,283.0
156.5673987865448,47.0,134.8153846153846,283.0
156.8712134361267,47.0,134.67435897435897,283.0
157.16887664794922,47.0,134.67435897435897,283.0
157.4641978740692,47.0,134.67435897435897,283.0
157.78101181983948,47.0,134.67435897435897,283.0
158.10141277313232,45.0,134.3679487179487,283.0
158.41638612747192,45.0,134.3679487179487,283.0
158.7402765750885,45.0,134.3679487179487,283.0
159.07130074501038,44.0,134.35897435897436,283.0
159.3916437625885,44.0,134.35897435897436,283.0
159.74939513206482,44.0,134.35897435897436,283.0
160.06105780601501,44.0,134.42948717948718,283.0
160.35973477363586,44.0,134.42948717948718,283.0
160.6740584373474,44.0,134.42948717948718,283.0
161.0037260055542,44.0,134.22051282051282,283.0
161.2994544506073,44.0,134.22051282051282,283.0
161.61332845687866,44.0,134.22051282051282,283.0
161.92105793952942,44.0,134.22051282051282,283.0
162.22464537620544,44.0,134.22051282051282,283.0
162.53443884849548,44.0,134.22051282051282,283.0
162.84829115867615,44.0,134.22051282051282,283.0
163.1830174922943,44.0,134.22051282051282,283.0
163.4852614402771,44.0,134.22051282051282,283.0
163.7964117527008,44.0,134.22051282051282,283.0
164.11235737800598,44.0,133.35,283.0
164.4067690372467,44.0,129.97820512820513,283.0
164.70058941841125,44.0,129.97820512820513,283.0
165.00349307060242,44.0,129.97692307692307,283.0
165.30033206939697,44.0,129.97692307692307,283.0
165.6113359928131,44.0,129.97692307692307,283.0
165.89855885505676,44.0,129.97692307692307,283.0
166.20711517333984,43.0,129.1705128205128,283.0
166.5094919204712,43.0,129.1705128205128,283.0
166.79901146888733,43.0,129.1346153846154,283.0
167.087664604187,42.0,129.1076923076923,283.0
167.41966128349304,42.0,129.1076923076923,283.0
167.73055028915405,42.0,129.1076923076923,283.0
168.02167963981628,42.0,127.12692307692308,283.0
168.34679102897644,42.0,127.12692307692308,283.0
168.65380787849426,42.0,127.12692307692308,283.0
168.96466779708862,42.0,127.12692307692308,283.0
169.28151321411133,42.0,127.12692307692308,283.0
169.57800555229187,42.0,127.12692307692308,283.0
169.90395879745483,42.0,127.12692307692308,283.0
170.253573179245,42.0,127.12692307692308,283.0
170.5781626701355,42.0,127.11025641025641,283.0
170.8932113647461,42.0,125.17307692307692,283.0
171.19818925857544,42.0,124.63333333333334,283.0
171.53117418289185,42.0,124.63333333333334,283.0
171.84463453292847,42.0,124.77948717948718,283.0
172.2473611831665,42.0,124.77948717948718,283.0
172.55790162086487,42.0,124.77948717948718,283.0
172.89465832710266,42.0,124.77948717948718,283.0
173.22419548034668,42.0,124.77948717948718,283.0
173.62529706954956,42.0,125.36025641025641,283.0
173.9300389289856,42.0,125.36025641025641,283.0
174.27148818969727,42.0,125.36025641025641,283.0
174.57392811775208,42.0,125.36025641025641,283.0
174.86692357063293,42.0,125.36025641025641,283.0
175.32518434524536,42.0,125.18717948717949,283.0
175.71345734596252,42.0,125.18717948717949,283.0
176.01915454864502,39.0,124.21794871794872,283.0
176.3147852420807,39.0,124.21794871794872,283.0
176.62293410301208,39.0,124.21794871794872,283.0
176.97376799583435,39.0,124.21794871794872,283.0
177.35639452934265,39.0,124.21794871794872,283.0
177.6619062423706,39.0,123.46666666666667,283.0
178.12748169898987,39.0,123.46666666666667,283.0
178.45129418373108,39.0,123.50256410256411,283.0
178.79777455329895,37.0,123.88589743589743,283.0
179.09285473823547,38.0,123.77179487179487,283.0
179.40909099578857,38.0,122.92307692307692,283.0
179.77125477790833,38.0,122.92307692307692,283.0
180.08153223991394,38.0,122.6,283.0
180.39100003242493,39.0,122.82435897435897,283.0
180.68474578857422,39.0,122.82435897435897,283.0
180.95836853981018,39.0,121.7974358974359,283.0
181.2677879333496,39.0,118.78076923076924,283.0
181.55013275146484,39.0,118.78076923076924,283.0
181.85633969306946,39.0,117.51153846153846,283.0
182.1490752696991,38.0,117.41538461538461,283.0
182.48025369644165,38.0,118.31923076923077,283.0
182.77215147018433,38.0,118.31923076923077,283.0
183.06586146354675,38.0,118.22820512820513,283.0
183.36390829086304,38.0,118.22820512820513,283.0
183.66021490097046,38.0,118.22820512820513,283.0
183.94989943504333,38.0,118.27948717948718,283.0
184.25205492973328,38.0,118.27948717948718,283.0
184.54578495025635,38.0,118.27948717948718,283.0
184.8606722354889,38.0,117.93076923076923,283.0
185.16551566123962,39.0,118.12307692307692,283.0
185.48461318016052,39.0,118.12307692307692,283.0
185.78299570083618,37.0,118.05384615384615,283.0
186.10367608070374,37.0,118.05384615384615,283.0
186.39408111572266,37.0,118.28333333333333,283.0
186.68545651435852,37.0,117.35512820512821,283.0
186.99292659759521,37.0,117.39487179487179,283.0
187.3127019405365,37.0,117.39487179487179,283.0
187.59867310523987,37.0,117.39487179487179,283.0
187.88521194458008,37.0,117.0923076923077,288.0
188.20247888565063,37.0,117.0923076923077,288.0
188.49574756622314,37.0,116.68205128205128,288.0
188.78462481498718,37.0,116.16410256410256,288.0
189.08817148208618,37.0,115.60128205128206,288.0
189.43476223945618,36.0,115.06025641025641,288.0
189.73284149169922,36.0,114.7948717948718,288.0
190.06660389900208,36.0,110.42948717948718,288.0
190.35991859436035,35.0,111.23589743589744,288.0
190.69125485420227,35.0,111.67820512820512,288.0
191.0037224292755,35.0,111.70641025641025,288.0
191.33817720413208,35.0,111.70641025641025,288.0
191.62073612213135,35.0,111.70641025641025,288.0
191.92960691452026,35.0,111.68205128205128,288.0
192.24370980262756,35.0,111.58333333333333,288.0
192.56062579154968,35.0,111.58333333333333,288.0
192.9010820388794,35.0,111.58333333333333,288.0
193.19767785072327,35.0,111.58333333333333,288.0
193.52030301094055,35.0,111.58333333333333,288.0
193.81863570213318,35.0,111.64358974358974,288.0
194.1114149093628,35.0,111.64358974358974,288.0
194.44264769554138,35.0,111.64358974358974,288.0
194.73948907852173,35.0,111.93717948717949,288.0
195.21503067016602,35.0,111.61025641025641,288.0
195.63630723953247,35.0,111.34615384615384,288.0
195.97155141830444,35.0,111.34615384615384,288.0
196.25834393501282,35.0,111.34615384615384,288.0
196.54996871948242,35.0,111.34615384615384,288.0
196.844224691391,36.0,110.91794871794872,288.0
197.15315079689026,36.0,110.91794871794872,288.0
197.46202754974365,36.0,110.08717948717948,288.0
197.79207611083984,36.0,110.08717948717948,288.0
198.0758571624756,36.0,110.08717948717948,288.0
198.39646744728088,36.0,110.08717948717948,288.0
198.71088004112244,36.0,110.02820512820513,288.0
199.03049540519714,36.0,110.02820512820513,288.0
199.3273730278015,34.0,110.01153846153846,288.0
199.61998963356018,34.0,110.01153846153846,288.0
199.93210434913635,34.0,110.01153846153846,288.0
200.2636914253235,33.0,108.76410256410256,288.0
200.56212639808655,33.0,108.76410256410256,288.0
200.854647397995,33.0,108.88076923076923,288.0
201.16183614730835,33.0,108.88076923076923,288.0
201.45260047912598,33.0,108.88076923076923,288.0
201.76881980895996,33.0,108.88076923076923,288.0
202.10001468658447,33.0,108.88076923076923,288.0
202.405513048172,33.0,108.91282051282052,288.0
202.73518991470337,33.0,109.08974358974359,288.0
203.01886892318726,33.0,108.86025641025641,288.0
203.32982754707336,33.0,108.86025641025641,288.0
203.65087819099426,33.0,108.86025641025641,288.0
203.9410116672516,32.0,108.59102564102564,288.0
204.2454342842102,32.0,107.65512820512821,288.0
204.53025341033936,32.0,107.65512820512821,288.0
204.83220791816711,32.0,107.65512820512821,288.0
205.1111979484558,32.0,107.65512820512821,288.0
205.41720128059387,32.0,107.65512820512821,288.0
205.71181464195251,32.0,107.70641025641025,288.0
206.0061604976654,32.0,107.70641025641025,288.0
206.3159613609314,32.0,107.87179487179488,288.0
206.6252818107605,32.0,107.87179487179488,288.0
206.93536472320557,32.0,107.87179487179488,288.0
207.23830199241638,32.0,107.87179487179488,288.0
207.52637314796448,32.0,107.87179487179488,288.0
207.82514762878418,32.0,107.07307692307693,288.0
208.11941242218018,32.0,107.34102564102564,288.0
208.43249201774597,32.0,107.34102564102564,288.0
208.75433444976807,32.0,107.34102564102564,288.0
209.10793566703796,32.0,107.34102564102564,288.0
209.4020025730133,32.0,106.42051282051283,288.0
209.71121954917908,32.0,106.42051282051283,288.0
209.99749994277954,31.0,99.30128205128206,189.0
210.28662395477295,31.0,99.30128205128206,189.0
210.59371495246887,31.0,99.29358974358975,189.0
210.90065383911133,31.0,99.29358974358975,189.0
211.2017912864685,31.0,99.32564102564102,189.0
211.50834822654724,31.0,99.32564102564102,189.0
211.85151529312134,31.0,99.32564102564102,189.0
212.1705641746521,31.0,99.13974358974359,189.0
212.51958012580872,31.0,99.13974358974359,189.0
212.83984398841858,31.0,99.13974358974359,189.0
213.2860074043274,31.0,98.45,189.0
213.63354420661926,31.0,98.45,189.0
214.11413383483887,31.0,98.45,189.0
214.45692682266235,31.0,98.45,189.0
214.77950739860535,31.0,98.45,189.0
215.11316227912903,30.0,98.41282051282052,189.0
215.411057472229,31.0,98.17692307692307,189.0
215.72067594528198,31.0,97.81923076923077,189.0
216.12532925605774,31.0,97.81923076923077,189.0
216.4858181476593,31.0,97.11666666666666,189.0
216.83986473083496,31.0,97.10641025641026,189.0
217.17005944252014,31.0,95.80641025641026,189.0
217.49322533607483,31.0,95.90384615384616,189.0
217.8143768310547,31.0,95.90384615384616,189.0
218.136634349823,29.0,96.40897435897436,189.0
218.48414587974548,31.0,96.0551282051282,189.0
218.8122489452362,31.0,93.87820512820512,178.0
219.18297338485718,31.0,93.37820512820512,178.0
219.466454744339,31.0,93.41538461538461,178.0
219.78960824012756,31.0,93.41538461538461,178.0
220.1158037185669,31.0,93.58717948717948,178.0
220.42387223243713,31.0,93.58717948717948,178.0
220.7214789390564,30.0,93.11538461538461,178.0
221.1838538646698,30.0,93.06923076923077,178.0
221.56602311134338,29.0,93.22051282051282,178.0
221.96823501586914,29.0,93.15512820512821,178.0
222.29015970230103,29.0,93.15512820512821,178.0
222.5943899154663,29.0,93.15512820512821,178.0
222.89727783203125,29.0,93.15512820512821,178.0
223.2313723564148,29.0,93.15512820512821,178.0
223.70796084403992,29.0,93.19102564102565,178.0
224.0096116065979,29.0,93.19102564102565,178.0
224.3359022140503,29.0,93.19102564102565,178.0
224.6508309841156,31.0,93.83974358974359,178.0
224.95995092391968,31.0,93.83974358974359,178.0
225.26712155342102,31.0,92.95769230769231,178.0
225.65976786613464,31.0,92.90384615384616,178.0
225.9918553829193,31.0,92.73461538461538,178.0
226.29834866523743,29.0,92.65128205128205,178.0
226.58772253990173,29.0,92.65128205128205,178.0
226.87017107009888,29.0,92.65128205128205,178.0
227.18922185897827,29.0,92.65128205128205,178.0
227.50055861473083,29.0,92.65128205128205,178.0
227.79872822761536,29.0,92.84487179487179,178.0
228.10857462882996,29.0,92.84487179487179,178.0
228.40862274169922,29.0,93.12564102564103,178.0
228.71262288093567,29.0,93.12564102564103,178.0
229.00326013565063,29.0,92.9551282051282,178.0
229.36834812164307,29.0,92.9551282051282,178.0
229.66401171684265,28.0,92.63717948717948,178.0
229.97381830215454,28.0,93.85128205128206,178.0
230.31103420257568,28.0,93.85128205128206,178.0
230.61322951316833,28.0,92.76666666666667,178.0
230.94341135025024,28.0,90.85,159.0
231.25812292099,28.0,90.85,159.0
231.56382298469543,28.0,88.41153846153846,159.0
231.84691953659058,28.0,88.25384615384615,159.0
232.15064644813538,28.0,88.48461538461538,159.0
232.4536647796631,28.0,88.48461538461538,159.0
232.76161241531372,28.0,88.74230769230769,159.0
233.10125517845154,28.0,88.63076923076923,159.0
233.41978406906128,28.0,88.63076923076923,159.0
233.71936202049255,28.0,88.56410256410257,159.0
234.01760244369507,28.0,88.91666666666667,159.0
234.30422067642212,28.0,88.90384615384616,159.0
234.63129043579102,28.0,88.88205128205128,159.0
234.94142317771912,28.0,88.88205128205128,159.0
235.22051358222961,28.0,87.95641025641025,157.0
235.50964760780334,28.0,87.95641025641025,157.0
235.80069303512573,28.0,86.99871794871795,157.0
236.0712742805481,28.0,86.96282051282051,157.0
236.38821935653687,28.0,86.83461538461539,157.0
236.67487120628357,28.0,84.57564102564102,154.0
236.9720332622528,28.0,85.29615384615384,154.0
237.31212759017944,28.0,85.29615384615384,154.0
237.6432979106903,28.0,84.73974358974358,154.0
237.9845643043518,27.0,84.62692307692308,154.0
238.2966091632843,27.0,84.62692307692308,154.0
238.61005926132202,27.0,84.62692307692308,154.0
238.9219524860382,27.0,84.62692307692308,154.0
239.24174666404724,27.0,84.57051282051282,154.0
239.5490574836731,27.0,84.57051282051282,154.0
239.82671761512756,27.0,84.9,154.0
240.12606573104858,27.0,84.1423076923077,154.0
240.43627309799194,27.0,84.08205128205128,156.0
240.74264335632324,27.0,84.08205128205128,156.0
241.06560468673706,27.0,84.08205128205128,156.0
241.37093949317932,27.0,84.08205128205128,156.0
241.65290331840515,27.0,84.38333333333334,156.0
241.9455714225769,27.0,84.38333333333334,156.0
242.22304940223694,27.0,83.81923076923077,156.0
242.50522899627686,27.0,84.3,156.0
242.78394627571106,27.0,84.2025641025641,156.0
243.06893229484558,27.0,84.2025641025641,156.0
243.40988540649414,27.0,84.2025641025641,156.0
243.70581221580505,27.0,83.16153846153846,156.0
243.98489832878113,27.0,83.16153846153846,156.0
244.29120182991028,27.0,83.07051282051282,156.0
244.5906159877777,27.0,83.05128205128206,156.0
244.87490677833557,27.0,83.05128205128206,156.0
245.15241265296936,27.0,83.05897435897435,156.0
245.45097422599792,27.0,83.05897435897435,156.0
245.73825025558472,27.0,83.05897435897435,156.0
246.0140631198883,27.0,83.05897435897435,156.0
246.3049075603485,27.0,83.06538461538462,156.0
246.5788185596466,27.0,83.06538461538462,156.0
246.85393142700195,27.0,83.06538461538462,156.0
247.17116355895996,27.0,83.06538461538462,156.0
247.4641125202179,27.0,83.06538461538462,156.0
247.74551606178284,27.0,82.93717948717949,156.0
248.00997304916382,27.0,82.93717948717949,156.0
248.31355023384094,27.0,82.93717948717949,156.0
248.6007583141327,27.0,82.94358974358974,156.0
248.90291213989258,27.0,82.94358974358974,156.0
249.24310779571533,27.0,82.94358974358974,156.0
249.56505060195923,27.0,82.94358974358974,156.0
249.87449431419373,27.0,82.94358974358974,156.0
250.17230319976807,27.0,83.1,156.0
250.46913933753967,27.0,83.1,156.0
250.7832009792328,27.0,83.1,156.0
251.06719875335693,27.0,83.1,156.0
251.37826466560364,27.0,82.98461538461538,156.0
251.67708611488342,27.0,82.98461538461538,156.0
251.98499464988708,27.0,82.33333333333333,156.0
252.27725887298584,27.0,82.36025641025641,156.0
252.57521533966064,27.0,82.36025641025641,156.0
252.87244963645935,27.0,82.36025641025641,156.0
253.17431330680847,27.0,82.5397435897436,156.0
253.46114540100098,27.0,82.5397435897436,156.0
253.74080634117126,27.0,82.5397435897436,156.0
254.02564549446106,27.0,82.38589743589743,156.0
254.31664943695068,27.0,82.9025641025641,156.0
254.64280128479004,27.0,82.9025641025641,156.0
254.94634985923767,26.0,82.49871794871795,156.0
255.2788667678833,26.0,82.49871794871795,156.0
255.57911682128906,26.0,82.49871794871795,156.0
255.87610268592834,26.0,82.49871794871795,156.0
256.1906476020813,27.0,83.12435897435897,156.0
256.509681224823,27.0,82.86538461538461,156.0
256.81119441986084,27.0,82.86538461538461,156.0
257.10926270484924,27.0,82.86538461538461,156.0
257.4068078994751,27.0,82.86538461538461,156.0
257.7390310764313,27.0,82.86538461538461,156.0
258.01866722106934,27.0,82.86538461538461,156.0
258.3044319152832,27.0,82.86538461538461,156.0
258.6202838420868,27.0,82.86538461538461,156.0
258.9503757953644,27.0,83.12820512820512,156.0
259.2733733654022,27.0,83.12820512820512,156.0
259.6291208267212,26.0,81.42564102564103,156.0
259.92674374580383,26.0,81.42564102564103,156.0
260.2150135040283,26.0,81.42564102564103,156.0
260.5036017894745,26.0,81.12820512820512,156.0
260.78898668289185,26.0,81.12820512820512,156.0
261.07107949256897,26.0,81.12820512820512,156.0
261.39094138145447,26.0,81.32564102564102,156.0
261.6832971572876,26.0,81.32564102564102,156.0
261.97903537750244,26.0,81.32564102564102,156.0
262.2645790576935,26.0,81.32564102564102,156.0
262.58187103271484,26.0,81.32564102564102,156.0
262.89383339881897,26.0,81.32564102564102,156.0
263.2201015949249,26.0,81.47307692307692,156.0
263.53033208847046,26.0,81.47307692307692,156.0
263.8548641204834,26.0,81.65512820512821,156.0
264.21135926246643,26.0,81.65512820512821,156.0
264.5717439651489,26.0,81.35,156.0
264.95176935195923,26.0,81.2025641025641,156.0
265.2766435146332,26.0,81.3525641025641,156.0
265.58519744873047,26.0,80.8525641025641,156.0
265.85506677627563,26.0,81.60512820512821,156.0
266.147421836853,26.0,81.70769230769231,156.0
266.4396460056305,26.0,81.70769230769231,156.0
266.76240825653076,26.0,81.3474358974359,156.0
267.0992383956909,26.0,81.41923076923077,156.0
267.40923714637756,26.0,81.01794871794871,156.0
267.75916743278503,25.0,82.5923076923077,162.0
268.05631279945374,25.0,81.11282051282052,156.0
268.38435983657837,25.0,81.11282051282052,156.0
268.69157218933105,25.0,81.11282051282052,156.0
269.04047107696533,25.0,81.11282051282052,156.0
269.32258582115173,25.0,81.11282051282052,156.0
269.63437056541443,25.0,81.11538461538461,156.0
269.94412064552307,25.0,79.69615384615385,156.0
270.2746102809906,25.0,79.69615384615385,156.0
270.5861985683441,25.0,79.69615384615385,156.0
270.8933753967285,25.0,79.70641025641025,156.0
271.17631936073303,25.0,79.70641025641025,156.0
271.513724565506,25.0,79.70641025641025,156.0
271.85634207725525,25.0,79.68717948717949,156.0
272.14414858818054,25.0,79.68717948717949,156.0
272.4615650177002,25.0,79.68717948717949,156.0
272.7621281147003,25.0,79.68717948717949,156.0
273.089745759964,25.0,79.68717948717949,156.0
273.39800572395325,25.0,79.68717948717949,156.0
273.7342565059662,25.0,79.68717948717949,156.0
273.99951219558716,25.0,79.68717948717949,156.0
274.3152320384979,25.0,79.68717948717949,156.0
274.6212742328644,25.0,79.68717948717949,156.0
274.9212803840637,25.0,79.68717948717949,156.0
275.2686855792999,25.0,79.68717948717949,156.0
275.5516631603241,25.0,79.33076923076923,156.0
275.84105825424194,25.0,79.33076923076923,156.0
276.13214659690857,25.0,79.33076923076923,156.0
276.42163038253784,25.0,79.33076923076923,156.0
276.7078869342804,25.0,77.27051282051282,143.0
276.9898293018341,25.0,77.27051282051282,143.0
277.31994700431824,25.0,76.43589743589743,143.0
277.6288812160492,25.0,76.43589743589743,143.0
277.9587285518646,25.0,76.43589743589743,143.0
278.2434227466583,25.0,76.43589743589743,143.0
278.55921149253845,25.0,76.43589743589743,143.0
278.84942269325256,25.0,76.43589743589743,143.0
279.1340928077698,25.0,76.43589743589743,143.0
279.4696407318115,25.0,76.43589743589743,143.0
279.74654173851013,25.0,76.43589743589743,143.0
280.0884575843811,25.0,76.63076923076923,143.0
280.3789825439453,25.0,76.63076923076923,143.0
280.6592698097229,25.0,75.47307692307692,145.0
280.9375698566437,25.0,75.47307692307692,145.0
281.209858417511,25.0,75.32564102564102,145.0
281.50088381767273,25.0,75.09871794871795,145.0
281.76547622680664,25.0,75.09871794871795,145.0
282.0563054084778,25.0,75.09871794871795,145.0
282.3451223373413,25.0,75.09871794871795,145.0
282.65352416038513,25.0,75.09871794871795,145.0
282.9370334148407,25.0,75.67307692307692,145.0
283.20614314079285,25.0,75.67307692307692,145.0
283.4988307952881,25.0,75.67307692307692,145.0
283.80946373939514,25.0,75.67307692307692,145.0
284.14753556251526,25.0,75.67307692307692,145.0
284.4078357219696,25.0,75.6948717948718,145.0
284.7057101726532,25.0,75.6948717948718,145.0
284.99058842658997,25.0,75.09487179487179,145.0
285.44558787345886,25.0,75.09487179487179,145.0
285.7878038883209,25.0,75.09487179487179,145.0
286.1190986633301,25.0,75.09487179487179,145.0
286.51973032951355,25.0,75.09487179487179,145.0
286.8357946872711,25.0,75.09487179487179,145.0
287.1490786075592,25.0,75.09487179487179,145.0
287.42605209350586,25.0,75.09487179487179,145.0
287.7042672634125,25.0,75.09487179487179,145.0
288.00840282440186,25.0,75.60512820512821,145.0
288.2984495162964,25.0,75.7948717948718,145.0
288.5986816883087,25.0,76.12307692307692,145.0
288.87895226478577,25.0,76.12307692307692,145.0
289.1710412502289,25.0,76.12307692307692,145.0
289.4499189853668,25.0,76.12307692307692,145.0
289.7354438304901,25.0,76.23076923076923,145.0
290.01206159591675,25.0,75.89358974358974,146.0
290.3325779438019,25.0,75.79615384615384,145.0
290.61637449264526,25.0,75.01153846153846,145.0
290.8794195652008,25.0,75.01153846153846,145.0
291.15750527381897,25.0,75.01153846153846,145.0
291.4504451751709,25.0,75.01153846153846,145.0
291.76152873039246,25.0,75.01153846153846,145.0
292.0698924064636,25.0,75.01153846153846,145.0
292.34753131866455,25.0,75.01153846153846,145.0
292.62527990341187,25.0,75.01153846153846,145.0
292.89771842956543,25.0,75.34871794871795,145.0
293.2086925506592,25.0,75.34871794871795,145.0
293.5125210285187,25.0,75.34102564102564,145.0
293.7926161289215,25.0,75.34102564102564,145.0
294.1008810997009,25.0,75.42948717948718,145.0
294.3946747779846,25.0,75.42948717948718,145.0
294.68712759017944,25.0,75.46282051282051,145.0
294.9847469329834,25.0,75.46282051282051,145.0
295.28419971466064,25.0,75.53076923076924,145.0
295.59689116477966,25.0,75.53076923076924,145.0
295.88157057762146,25.0,76.44102564102565,159.0
296.1609351634979,25.0,76.44102564102565,159.0
296.44274139404297,25.0,76.44102564102565,159.0
296.7380528450012,25.0,76.44102564102565,159.0
297.05308413505554,25.0,76.45128205128205,159.0
297.36106729507446,25.0,75.92820512820512,159.0
297.6531593799591,25.0,75.62435897435897,159.0
297.9631609916687,25.0,75.62435897435897,159.0
298.29077529907227,25.0,75.63974358974359,159.0
298.58304619789124,25.0,75.09487179487179,159.0
298.85060453414917,25.0,75.09487179487179,159.0
299.17343831062317,25.0,75.09487179487179,159.0
299.4781403541565,25.0,74.70384615384616,159.0
299.7700846195221,25.0,74.56410256410257,159.0
300.0572831630707,25.0,74.56410256410257,159.0
